,Neighbourhoods,Latitude,Longitude
0,Aundh,18.5618834,73.8101957
1,Balewadi,18.5820266,73.7689831
2,Bavdhan,18.5209541,73.7780873
3,Budhwar Peth,18.5175599,73.858037
4,Dapodi,18.580845699999998,73.83277484526513
5,Deccan Gymkhana,18.5158926,73.84116
6,Ghorpade Peth,18.526941,73.8619287
7,Hadapsar,18.526967,73.9278252
8,Hinjawadi,18.59406345,73.74204911007135
9,Kalyani Nagar,18.5481382,73.9025513
10,Kasba Peth,18.5219205,73.8582903
11,Koregaon Park,18.5375532,73.8939252
12,Kothrud,18.5038889,73.807673
13,Magarpatta,18.5143335,73.9200545
14,Mangalwar Peth,18.5243388,73.8592081
15,Marunji,18.6195034,73.6984257
16,Megapolis Pune,18.5786912,73.68620570851401
17,Nana Peth,18.5183568,73.8563098
18,Narayan Peth,18.5155793,73.8510765
19,Pashan,18.5386704,73.7952542
20,Sadashiv Peth,18.5107764,73.8502149
21,Shivajinagar,18.5322493,73.8499601124847
22,Shukrawar Peth,18.5113537,73.8540109
23,Sopan Baug,18.5141709,73.90140133875573
24,Vimannagar,18.5677772,73.9183559
25,Vishrantwadi,18.57263,73.87825
26,Wakad,18.6109018,73.7637965
